3be99fb3-17e3-4b0b-926e-d3f98011acb0,key-auth,522ebfde-fdaa-4c5d-bcbb-b94a0428b081,"{""hide_credentials"":false,""key_names"":[""secret_key""]}",,2017-04-20T05:05:51.000Z,TRUE
8575539f-d51c-457a-9843-126456dbe17d,key-auth,a27b2a86-e1b9-42bc-ae7d-7f809e8598cf,"{""hide_credentials"":false,""key_names"":[""secret_key""]}",,2017-03-13T10:07:02.000Z,FALSE
5c39b959-bf20-4541-996c-f909c788870d,key-auth,0853d200-0a09-41ab-b4fd-8c4e15abe563,"{""hide_credentials"":false,""key_names"":[""secret_key""]}",,2017-04-04T09:03:47.000Z,FALSE
248f8aa4-87fb-455e-b177-c66a61b8bbf2,key-auth,913e7b46-34dc-4421-8ff2-f6c9181283b0,"{""hide_credentials"":false,""key_names"":[""secret_key""]}",,2017-02-08T05:58:21.000Z,TRUE
a41a5c9e-e8ce-413c-a29f-67659330baa8,key-auth,d4f79a30-b689-4753-b908-f54caf1fe3b0,"{""hide_credentials"":false,""key_names"":[""secret_key""]}",,2017-04-21T04:59:05.000Z,FALSE
10db402d-039a-439f-9c30-26694eb3cabb,key-auth,4c43d8ef-0e4c-431a-8107-219555280b62,"{""hide_credentials"":false,""key_names"":[""secret_key""]}",,2017-04-20T04:57:43.000Z,TRUE
a106b05b-1c50-4bcb-b9f3-c9b01996cbd1,key-auth,7de15128-d72a-49f9-b4f6-f4059cb79933,"{""hide_credentials"":false,""key_names"":[""secret_key""]}",,2017-04-21T05:02:35.000Z,FALSE
2beea400-b1b0-4ded-a169-3da1275ad910,key-auth,28ad332b-5d20-4176-a6d1-d0ef8787c7b1,"{""hide_credentials"":false,""key_names"":[""secret_key""]}",,2017-04-28T08:04:33.000Z,FALSE
c5883e8a-0b1c-4b21-a8f8-42f889de671d,key-auth,7c264b63-ca80-4d79-97d9-564a36e8dd06,"{""hide_credentials"":false,""key_names"":[""secret_key""]}",,2017-04-20T05:06:04.000Z,TRUE
c5e18a53-beb1-459c-8bc2-8d6624bf9bab,key-auth,34d7915a-f562-425b-b5a9-174845deac50,"{""hide_credentials"":false,""key_names"":[""secret_key""]}",,2017-04-20T09:43:39.000Z,FALSE
